region,province1,province1_seqnum,province2,province2_seqnum,Fst
nsp1,Guangxi,5,Fujian,4,0.29775280898876405
nsp1,Guangxi,5,Guizhou,4,-0.02850877192982456
nsp1,Guangxi,5,Hunan,6,0.047964934251722
nsp1,Guangxi,5,Liaoning,4,0.5923402255639098
nsp1,Guangxi,5,Yunnan,40,0.029320494809886587
nsp1,Guangxi,5,Jiangxi,11,0.3416128679286574
nsp1,Guangxi,5,Hubei,7,0.14013611175491458
nsp1,Guangxi,5,Zhejiang,3,0.47272026219394636
nsp1,Guangxi,5,Guangdong,30,0.41563001605136446
nsp1,Fujian,4,Guizhou,4,0.5295646523716698
nsp1,Fujian,4,Hunan,6,0.1536632807434623
nsp1,Fujian,4,Liaoning,4,0.8843137254901962
nsp1,Fujian,4,Yunnan,40,0.11764768258662285
nsp1,Fujian,4,Jiangxi,11,0.02892096892586247
nsp1,Fujian,4,Hubei,7,0.1377665544332211
nsp1,Fujian,4,Zhejiang,3,0.5849358974358974
nsp1,Fujian,4,Guangdong,30,0.06729143270211302
nsp1,Guizhou,4,Hunan,6,0.05018692647558622
nsp1,Guizhou,4,Liaoning,4,0.7845117845117846
nsp1,Guizhou,4,Yunnan,40,-0.1677177895906638
nsp1,Guizhou,4,Jiangxi,11,0.3429180537906554
nsp1,Guizhou,4,Hubei,7,0.15118921860494886
nsp1,Guizhou,4,Zhejiang,3,0.5357395612172683
nsp1,Guizhou,4,Guangdong,30,0.3868624449036856
nsp1,Hunan,6,Liaoning,4,0.35705606665509454
nsp1,Hunan,6,Yunnan,40,0.3949203257341827
nsp1,Hunan,6,Jiangxi,11,0.4342857142857143
nsp1,Hunan,6,Hubei,7,0.17073998642226745
nsp1,Hunan,6,Zhejiang,3,0.042517006802721
nsp1,Hunan,6,Guangdong,30,0.6224637681159421
nsp1,Liaoning,4,Yunnan,40,0.4035855540147225
nsp1,Liaoning,4,Jiangxi,11,0.5532611157537938
nsp1,Liaoning,4,Hubei,7,0.09273005773535997
nsp1,Liaoning,4,Zhejiang,3,0.729392446633826
nsp1,Liaoning,4,Guangdong,30,0.5604056664047411
nsp1,Yunnan,40,Jiangxi,11,0.2293671286446377
nsp1,Yunnan,40,Hubei,7,0.3063414986270869
nsp1,Yunnan,40,Zhejiang,3,0.5626254681600957
nsp1,Yunnan,40,Guangdong,30,0.2589250402455396
nsp1,Jiangxi,11,Hubei,7,0.30386459826609324
nsp1,Jiangxi,11,Zhejiang,3,0.6477720693924602
nsp1,Jiangxi,11,Guangdong,30,0.27150141935262045
nsp1,Hubei,7,Zhejiang,3,0.4606885147324113
nsp1,Hubei,7,Guangdong,30,0.4847280070680298
nsp1,Zhejiang,3,Guangdong,30,0.7208678569763269
ORF8b,Guangxi,5,Fujian,4,0.10854616895874257
ORF8b,Guangxi,5,Guizhou,4,0.02862985685071567
ORF8b,Guangxi,5,Hunan,6,0.14579300074460158
ORF8b,Guangxi,5,Liaoning,4,-3.4444444444444446
ORF8b,Guangxi,5,Yunnan,39,0.21578703635068033
ORF8b,Guangxi,5,Jiangxi,11,0.005232331120656011
ORF8b,Guangxi,5,Hubei,7,0.15522089879588719
ORF8b,Guangxi,5,Zhejiang,3,0.29234742017182297
ORF8b,Guangxi,5,Guangdong,30,0.2772330343039371
ORF8b,Fujian,4,Guizhou,4,0.06097560975609756
ORF8b,Fujian,4,Hunan,6,0.0016185365022574711
ORF8b,Fujian,4,Liaoning,4,-1.2765957446808511
ORF8b,Fujian,4,Yunnan,39,0.20164227436060034
ORF8b,Fujian,4,Jiangxi,11,0.010266057511421517
ORF8b,Fujian,4,Hubei,7,-0.03996486605182247
ORF8b,Fujian,4,Zhejiang,3,0.25729051310446666
ORF8b,Fujian,4,Guangdong,30,-0.03174241980959305
ORF8b,Guizhou,4,Hunan,6,0.003696705824365343
ORF8b,Guizhou,4,Liaoning,4,-1.530612244897959
ORF8b,Guizhou,4,Yunnan,39,0.20309415664336597
ORF8b,Guizhou,4,Jiangxi,11,0.056369546066687676
ORF8b,Guizhou,4,Hubei,7,-0.014275517487509087
ORF8b,Guizhou,4,Zhejiang,3,0.3217018671564126
ORF8b,Guizhou,4,Guangdong,30,0.13508907893603808
ORF8b,Hunan,6,Liaoning,4,-3.244897959183673
ORF8b,Hunan,6,Yunnan,39,0.27993806743555083
ORF8b,Hunan,6,Jiangxi,11,0.13456221198156684
ORF8b,Hunan,6,Hubei,7,0.04558808099884584
ORF8b,Hunan,6,Zhejiang,3,-0.09586776859504129
ORF8b,Hunan,6,Guangdong,30,0.2551943142295478
ORF8b,Liaoning,4,Yunnan,39,-3.9965296429880883
ORF8b,Liaoning,4,Jiangxi,11,-5.277359326539654
ORF8b,Liaoning,4,Hubei,7,-4.388888888888888
ORF8b,Liaoning,4,Zhejiang,3,-0.41085271317829447
ORF8b,Liaoning,4,Guangdong,30,-3.617002870512367
ORF8b,Yunnan,39,Jiangxi,11,0.2964160591690849
ORF8b,Yunnan,39,Hubei,7,0.27240943094840103
ORF8b,Yunnan,39,Zhejiang,3,0.3211383552202434
ORF8b,Yunnan,39,Guangdong,30,0.23256101909704796
ORF8b,Jiangxi,11,Hubei,7,0.10452196043448586
ORF8b,Jiangxi,11,Zhejiang,3,0.27058476465189457
ORF8b,Jiangxi,11,Guangdong,30,0.2028839062134267
ORF8b,Hubei,7,Zhejiang,3,0.2397160297239915
ORF8b,Hubei,7,Guangdong,30,0.16023652653130346
ORF8b,Zhejiang,3,Guangdong,30,0.3584020012037587
ORF7b,Guangxi,5,Fujian,4,0.3441358024691358
ORF7b,Guangxi,5,Guizhou,4,0.15076335877862593
ORF7b,Guangxi,5,Hunan,6,0.02539682539682542
ORF7b,Guangxi,5,Liaoning,4,-0.0369318181818181
ORF7b,Guangxi,5,Yunnan,39,-0.052018676978114735
ORF7b,Guangxi,5,Jiangxi,11,0.3803106868800299
ORF7b,Guangxi,5,Hubei,7,0.09373643859395332
ORF7b,Guangxi,5,Zhejiang,3,0.49324324324324326
ORF7b,Guangxi,5,Guangdong,30,0.6823915953433659
ORF7b,Fujian,4,Guizhou,4,0.7890772128060263
ORF7b,Fujian,4,Hunan,6,0.16821639898562984
ORF7b,Fujian,4,Liaoning,4,0.8947368421052632
ORF7b,Fujian,4,Yunnan,39,0.28693231322431134
ORF7b,Fujian,4,Jiangxi,11,-0.030444964871194316
ORF7b,Fujian,4,Hubei,7,0.5765731129052928
ORF7b,Fujian,4,Zhejiang,3,0.574074074074074
ORF7b,Fujian,4,Guangdong,30,0.4185152321798285
ORF7b,Guizhou,4,Hunan,6,-0.01677681748856124
ORF7b,Guizhou,4,Liaoning,4,0.7037037037037037
ORF7b,Guizhou,4,Yunnan,39,-0.09368931123555257
ORF7b,Guizhou,4,Jiangxi,11,0.6080178173719376
ORF7b,Guizhou,4,Hubei,7,0.25577342047930285
ORF7b,Guizhou,4,Zhejiang,3,0.592747559274756
ORF7b,Guizhou,4,Guangdong,30,0.7861692447679708
ORF7b,Hunan,6,Liaoning,4,0.044897959183673466
ORF7b,Hunan,6,Yunnan,39,0.31504353262278345
ORF7b,Hunan,6,Jiangxi,11,0.5100112485939258
ORF7b,Hunan,6,Hubei,7,0.25717852684144815
ORF7b,Hunan,6,Zhejiang,3,0.07911392405063293
ORF7b,Hunan,6,Guangdong,30,0.7997507270461155
ORF7b,Liaoning,4,Yunnan,39,-0.6922252115257144
ORF7b,Liaoning,4,Jiangxi,11,0.56260899895361
ORF7b,Liaoning,4,Hubei,7,-0.308641975308642
ORF7b,Liaoning,4,Zhejiang,3,0.6779661016949153
ORF7b,Liaoning,4,Guangdong,30,0.7419749149659863
ORF7b,Yunnan,39,Jiangxi,11,0.25332798623938313
ORF7b,Yunnan,39,Hubei,7,-0.18774678458447816
ORF7b,Yunnan,39,Zhejiang,3,0.5397758337889558
ORF7b,Yunnan,39,Guangdong,30,0.4408862082565409
ORF7b,Jiangxi,11,Hubei,7,0.5469949975339956
ORF7b,Jiangxi,11,Zhejiang,3,0.7306392484820713
ORF7b,Jiangxi,11,Guangdong,30,0.3259684508193929
ORF7b,Hubei,7,Zhejiang,3,0.668313953488372
ORF7b,Hubei,7,Guangdong,30,0.7508855639853024
ORF7b,Zhejiang,3,Guangdong,30,0.8747878620555254
nsp7,Guangxi,5,Fujian,4,0.5952072538860104
nsp7,Guangxi,5,Guizhou,4,0.310515873015873
nsp7,Guangxi,5,Hunan,6,0.20358744394618838
nsp7,Guangxi,5,Liaoning,4,0.8304416403785488
nsp7,Guangxi,5,Yunnan,40,-0.013004238632104042
nsp7,Guangxi,5,Jiangxi,11,0.2837340634893471
nsp7,Guangxi,5,Hubei,7,0.17599438271859896
nsp7,Guangxi,5,Zhejiang,3,0.48445171849427177
nsp7,Guangxi,5,Guangdong,30,0.06705813712758553
nsp7,Fujian,4,Guizhou,4,0.5449374288964732
nsp7,Fujian,4,Hunan,6,0.22706766917293242
nsp7,Fujian,4,Liaoning,4,0.8896713615023474
nsp7,Fujian,4,Yunnan,40,0.41217004312590544
nsp7,Fujian,4,Jiangxi,11,0.11731036398999715
nsp7,Fujian,4,Hubei,7,-0.0012121212121212982
nsp7,Fujian,4,Zhejiang,3,0.21088435374149664
nsp7,Fujian,4,Guangdong,30,0.3295434406227421
nsp7,Guizhou,4,Hunan,6,0.14679260133805586
nsp7,Guizhou,4,Liaoning,4,0.8568075117370892
nsp7,Guizhou,4,Yunnan,40,0.3108623957524951
nsp7,Guizhou,4,Jiangxi,11,0.3042133081236706
nsp7,Guizhou,4,Hubei,7,0.03552016180002513
nsp7,Guizhou,4,Zhejiang,3,0.44808743169398907
nsp7,Guizhou,4,Guangdong,30,0.258131113141774
nsp7,Hunan,6,Liaoning,4,0.7075788061703555
nsp7,Hunan,6,Yunnan,40,0.33890426069344604
nsp7,Hunan,6,Jiangxi,11,0.1622174840085287
nsp7,Hunan,6,Hubei,7,-0.011111111111111164
nsp7,Hunan,6,Zhejiang,3,0.14851485148514842
nsp7,Hunan,6,Guangdong,30,0.26829618979151687
nsp7,Liaoning,4,Yunnan,40,0.655786678687442
nsp7,Liaoning,4,Jiangxi,11,0.6870039785864562
nsp7,Liaoning,4,Hubei,7,0.34754191531685136
nsp7,Liaoning,4,Zhejiang,3,0.8468899521531101
nsp7,Liaoning,4,Guangdong,30,0.6677630010963345
nsp7,Yunnan,40,Jiangxi,11,0.38277291570704747
nsp7,Yunnan,40,Hubei,7,0.5086224825668236
nsp7,Yunnan,40,Zhejiang,3,0.3852156490562059
nsp7,Yunnan,40,Guangdong,30,0.26100115400526913
nsp7,Jiangxi,11,Hubei,7,0.25025030871408066
nsp7,Jiangxi,11,Zhejiang,3,0.2396264898973804
nsp7,Jiangxi,11,Guangdong,30,0.16507835276967936
nsp7,Hubei,7,Zhejiang,3,-0.02083333333333334
nsp7,Hubei,7,Guangdong,30,0.45873271278129574
nsp7,Zhejiang,3,Guangdong,30,0.3900100032241797
nsp8,Guangxi,5,Fujian,4,0.6682188591385332
nsp8,Guangxi,5,Guizhou,4,0.136986301369863
nsp8,Guangxi,5,Hunan,6,0.2262773722627737
nsp8,Guangxi,5,Liaoning,4,0.8118556701030928
nsp8,Guangxi,5,Yunnan,40,-0.08670635913343679
nsp8,Guangxi,5,Jiangxi,11,0.159425190194421
nsp8,Guangxi,5,Hubei,7,0.30990210239126953
nsp8,Guangxi,5,Zhejiang,3,0.6233148295003965
nsp8,Guangxi,5,Guangdong,30,-0.07366487108022653
nsp8,Fujian,4,Guizhou,4,0.5916666666666667
nsp8,Fujian,4,Hunan,6,0.40339836375078664
nsp8,Fujian,4,Liaoning,4,0.8170731707317073
nsp8,Fujian,4,Yunnan,40,0.5976252967842501
nsp8,Fujian,4,Jiangxi,11,-0.03840403033527758
nsp8,Fujian,4,Hubei,7,0.12048757618377862
nsp8,Fujian,4,Zhejiang,3,0.1451355661881978
nsp8,Fujian,4,Guangdong,30,0.3186518895783269
nsp8,Guizhou,4,Hunan,6,0.17990942774804447
nsp8,Guizhou,4,Liaoning,4,0.7956989247311828
nsp8,Guizhou,4,Yunnan,40,0.19613705218389377
nsp8,Guizhou,4,Jiangxi,11,0.10852527465005639
nsp8,Guizhou,4,Hubei,7,0.20346320346320343
nsp8,Guizhou,4,Zhejiang,3,0.5318518518518518
nsp8,Guizhou,4,Guangdong,30,0.013011365232024818
nsp8,Hunan,6,Liaoning,4,0.5675675675675675
nsp8,Hunan,6,Yunnan,40,0.39156701462151633
nsp8,Hunan,6,Jiangxi,11,0.13543367346938776
nsp8,Hunan,6,Hubei,7,0.09195402298850583
nsp8,Hunan,6,Zhejiang,3,0.3423831070889895
nsp8,Hunan,6,Guangdong,30,0.188767550702028
nsp8,Liaoning,4,Yunnan,40,0.622171863154865
nsp8,Liaoning,4,Jiangxi,11,0.4077727807598691
nsp8,Liaoning,4,Hubei,7,0.23441642051049008
nsp8,Liaoning,4,Zhejiang,3,0.8618857901726428
nsp8,Liaoning,4,Guangdong,30,0.45635881471232564
nsp8,Yunnan,40,Jiangxi,11,0.4722441402251202
nsp8,Yunnan,40,Hubei,7,0.5510462895945228
nsp8,Yunnan,40,Zhejiang,3,0.5615520133310198
nsp8,Yunnan,40,Guangdong,30,0.22971248244708226
nsp8,Jiangxi,11,Hubei,7,0.13767639376914265
nsp8,Jiangxi,11,Zhejiang,3,-0.019024970273483984
nsp8,Jiangxi,11,Guangdong,30,0.21223202214639814
nsp8,Hubei,7,Zhejiang,3,0.1027443105756358
nsp8,Hubei,7,Guangdong,30,0.3399104516921997
nsp8,Zhejiang,3,Guangdong,30,0.30279373496342127
nsp12,Guangxi,5,Fujian,4,0.7537789324515825
nsp12,Guangxi,5,Guizhou,4,0.3986880466472303
nsp12,Guangxi,5,Hunan,6,0.19120056166627664
nsp12,Guangxi,5,Liaoning,4,0.81703146374829
nsp12,Guangxi,5,Yunnan,40,0.01832902491219357
nsp12,Guangxi,5,Jiangxi,11,0.0651564164459602
nsp12,Guangxi,5,Hubei,7,0.3269554348348637
nsp12,Guangxi,5,Zhejiang,3,0.6570928281329799
nsp12,Guangxi,5,Guangdong,30,0.053200202386083494
nsp12,Fujian,4,Guizhou,4,0.7015547971179371
nsp12,Fujian,4,Hunan,6,0.43162598636762173
nsp12,Fujian,4,Liaoning,4,0.8951998470070759
nsp12,Fujian,4,Yunnan,40,0.6884696156538551
nsp12,Fujian,4,Jiangxi,11,0.1580824152469356
nsp12,Fujian,4,Hubei,7,0.33383117818915486
nsp12,Fujian,4,Zhejiang,3,0.21616992120589237
nsp12,Fujian,4,Guangdong,30,0.1782425587677611
nsp12,Guizhou,4,Hunan,6,0.09052969502407715
nsp12,Guizhou,4,Liaoning,4,0.7748770336738554
nsp12,Guizhou,4,Yunnan,40,0.4677207587017127
nsp12,Guizhou,4,Jiangxi,11,0.16984391871993718
nsp12,Guizhou,4,Hubei,7,0.21886291779584452
nsp12,Guizhou,4,Zhejiang,3,0.5476190476190476
nsp12,Guizhou,4,Guangdong,30,0.2375515268059327
nsp12,Hunan,6,Liaoning,4,0.47558770343580464
nsp12,Hunan,6,Yunnan,40,0.5311642400599619
nsp12,Hunan,6,Jiangxi,11,0.1350959412857017
nsp12,Hunan,6,Hubei,7,0.11569438882214211
nsp12,Hunan,6,Zhejiang,3,0.30501725511016714
nsp12,Hunan,6,Guangdong,30,0.24683406811066386
nsp12,Liaoning,4,Yunnan,40,0.694901140822285
nsp12,Liaoning,4,Jiangxi,11,0.39555153322335707
nsp12,Liaoning,4,Hubei,7,0.24483331765296207
nsp12,Liaoning,4,Zhejiang,3,0.8112270243417784
nsp12,Liaoning,4,Guangdong,30,0.43731424006509967
nsp12,Yunnan,40,Jiangxi,11,0.5337645645750957
nsp12,Yunnan,40,Hubei,7,0.6427516433268741
nsp12,Yunnan,40,Zhejiang,3,0.6829846088801924
nsp12,Yunnan,40,Guangdong,30,0.3936454352029697
nsp12,Jiangxi,11,Hubei,7,0.20732170430159536
nsp12,Jiangxi,11,Zhejiang,3,0.1917373804255022
nsp12,Jiangxi,11,Guangdong,30,0.10623211452060445
nsp12,Hubei,7,Zhejiang,3,0.2539347627737226
nsp12,Hubei,7,Guangdong,30,0.33886100155372295
nsp12,Zhejiang,3,Guangdong,30,0.2401632744471758
nsp16,Guangxi,5,Fujian,4,0.5171707624448645
nsp16,Guangxi,5,Guizhou,4,0.3683839096683133
nsp16,Guangxi,5,Hunan,6,0.15716216216216225
nsp16,Guangxi,5,Liaoning,4,0.627445339470656
nsp16,Guangxi,5,Yunnan,40,-0.054305666263667965
nsp16,Guangxi,5,Jiangxi,11,0.301621494595018
nsp16,Guangxi,5,Hubei,7,0.2216989483375235
nsp16,Guangxi,5,Zhejiang,3,0.513776337115073
nsp16,Guangxi,5,Guangdong,30,0.13347991850402444
nsp16,Fujian,4,Guizhou,4,0.6090808416389811
nsp16,Fujian,4,Hunan,6,0.1604696673189824
nsp16,Fujian,4,Liaoning,4,0.851104707012488
nsp16,Fujian,4,Yunnan,40,0.22243121374169672
nsp16,Fujian,4,Jiangxi,11,-0.08725431293451207
nsp16,Fujian,4,Hubei,7,0.2727831566005839
nsp16,Fujian,4,Zhejiang,3,0.5300084530853761
nsp16,Fujian,4,Guangdong,30,0.2277448613854144
nsp16,Guizhou,4,Hunan,6,0.09140859140859135
nsp16,Guizhou,4,Liaoning,4,0.7378048780487805
nsp16,Guizhou,4,Yunnan,40,0.14288556900086205
nsp16,Guizhou,4,Jiangxi,11,0.30367406290963705
nsp16,Guizhou,4,Hubei,7,0.1264791762717075
nsp16,Guizhou,4,Zhejiang,3,0.5453551912568305
nsp16,Guizhou,4,Guangdong,30,0.3115185497046422
nsp16,Hunan,6,Liaoning,4,0.20147783251231532
nsp16,Hunan,6,Yunnan,40,0.3078109248919432
nsp16,Hunan,6,Jiangxi,11,0.36208123859945723
nsp16,Hunan,6,Hubei,7,0.14545528854013404
nsp16,Hunan,6,Zhejiang,3,-0.017287952458130817
nsp16,Hunan,6,Guangdong,30,0.4998671096345515
nsp16,Liaoning,4,Yunnan,40,0.2404162818009879
nsp16,Liaoning,4,Jiangxi,11,0.47840749414519906
nsp16,Liaoning,4,Hubei,7,0.36748724772676866
nsp16,Liaoning,4,Zhejiang,3,0.7222940922811557
nsp16,Liaoning,4,Guangdong,30,0.46514607339101716
nsp16,Yunnan,40,Jiangxi,11,0.18604787204978132
nsp16,Yunnan,40,Hubei,7,0.20594830252555776
nsp16,Yunnan,40,Zhejiang,3,0.419470682700454
nsp16,Yunnan,40,Guangdong,30,0.2052500266743006
nsp16,Jiangxi,11,Hubei,7,0.2530457873231666
nsp16,Jiangxi,11,Zhejiang,3,0.519392965746744
nsp16,Jiangxi,11,Guangdong,30,0.20033719343615827
nsp16,Hubei,7,Zhejiang,3,0.4401061410159212
nsp16,Hubei,7,Guangdong,30,0.3491166042513316
nsp16,Zhejiang,3,Guangdong,30,0.5958024125492063
nsp14,Guangxi,5,Fujian,4,0.799220737913486
nsp14,Guangxi,5,Guizhou,4,0.346816976127321
nsp14,Guangxi,5,Hunan,6,0.2525382755842062
nsp14,Guangxi,5,Liaoning,4,0.8742001163467132
nsp14,Guangxi,5,Yunnan,40,-0.08988482153039117
nsp14,Guangxi,5,Jiangxi,11,0.08941042510121464
nsp14,Guangxi,5,Hubei,7,0.4760510105471598
nsp14,Guangxi,5,Zhejiang,3,0.7968386938975175
nsp14,Guangxi,5,Guangdong,30,-0.03112568916183961
nsp14,Fujian,4,Guizhou,4,0.6434108527131782
nsp14,Fujian,4,Hunan,6,0.32491265788766455
nsp14,Fujian,4,Liaoning,4,0.8853211009174312
nsp14,Fujian,4,Yunnan,40,0.6231044522145628
nsp14,Fujian,4,Jiangxi,11,-0.08433106158285748
nsp14,Fujian,4,Hubei,7,0.2937572133039555
nsp14,Fujian,4,Zhejiang,3,0.24941724941724935
nsp14,Fujian,4,Guangdong,30,0.24447801604370636
nsp14,Guizhou,4,Hunan,6,0.09237241631607826
nsp14,Guizhou,4,Liaoning,4,0.7367534654748024
nsp14,Guizhou,4,Yunnan,40,0.26280912955574515
nsp14,Guizhou,4,Jiangxi,11,0.136512508012328
nsp14,Guizhou,4,Hubei,7,0.32234471825911515
nsp14,Guizhou,4,Zhejiang,3,0.5899000169462802
nsp14,Guizhou,4,Guangdong,30,0.17226502821204312
nsp14,Hunan,6,Liaoning,4,0.3667701863354037
nsp14,Hunan,6,Yunnan,40,0.5167408649981046
nsp14,Hunan,6,Jiangxi,11,0.16760945132689153
nsp14,Hunan,6,Hubei,7,0.17667726284088997
nsp14,Hunan,6,Zhejiang,3,0.261921216309606
nsp14,Hunan,6,Guangdong,30,0.31843255580054936
nsp14,Liaoning,4,Yunnan,40,0.6398214991256823
nsp14,Liaoning,4,Jiangxi,11,0.3694062296912614
nsp14,Liaoning,4,Hubei,7,0.338594276094276
nsp14,Liaoning,4,Zhejiang,3,0.8884325804243669
nsp14,Liaoning,4,Guangdong,30,0.4354268163204924
nsp14,Yunnan,40,Jiangxi,11,0.4778858519124114
nsp14,Yunnan,40,Hubei,7,0.6051910629432742
nsp14,Yunnan,40,Zhejiang,3,0.6406168016156125
nsp14,Yunnan,40,Guangdong,30,0.3252236164949903
nsp14,Jiangxi,11,Hubei,7,0.18026845434460217
nsp14,Jiangxi,11,Zhejiang,3,-0.03596355272120606
nsp14,Jiangxi,11,Guangdong,30,0.1425858665018913
nsp14,Hubei,7,Zhejiang,3,0.24186089530151691
nsp14,Hubei,7,Guangdong,30,0.3489815818895587
nsp14,Zhejiang,3,Guangdong,30,0.26959883242963634
nsp9,Guangxi,5,Fujian,4,0.7965116279069767
nsp9,Guangxi,5,Guizhou,4,0.01041666666666663
nsp9,Guangxi,5,Hunan,6,0.3119453924914677
nsp9,Guangxi,5,Liaoning,4,0.7374429223744292
nsp9,Guangxi,5,Yunnan,40,0.07294497095014028
nsp9,Guangxi,5,Jiangxi,11,0.11709085738660603
nsp9,Guangxi,5,Hubei,7,0.31888356220037384
nsp9,Guangxi,5,Zhejiang,3,0.6264710898857241
nsp9,Guangxi,5,Guangdong,30,-0.06662902837680237
nsp9,Fujian,4,Guizhou,4,0.7711864406779662
nsp9,Fujian,4,Hunan,6,0.5673469387755103
nsp9,Fujian,4,Liaoning,4,0.9421487603305785
nsp9,Fujian,4,Yunnan,40,0.6658027615847864
nsp9,Fujian,4,Jiangxi,11,0.36982036252385914
nsp9,Fujian,4,Hubei,7,0.39469082816722306
nsp9,Fujian,4,Zhejiang,3,0.4594594594594594
nsp9,Fujian,4,Guangdong,30,0.27854666770922926
nsp9,Guizhou,4,Hunan,6,0.21632653061224483
nsp9,Guizhou,4,Liaoning,4,0.7424242424242423
nsp9,Guizhou,4,Yunnan,40,0.2083581637768759
nsp9,Guizhou,4,Jiangxi,11,0.09937945725664533
nsp9,Guizhou,4,Hubei,7,0.2161929371231697
nsp9,Guizhou,4,Zhejiang,3,0.52015732546706
nsp9,Guizhou,4,Guangdong,30,-0.020608047332547282
nsp9,Hunan,6,Liaoning,4,0.5
nsp9,Hunan,6,Yunnan,40,0.4988280792218446
nsp9,Hunan,6,Jiangxi,11,0.06870279146141217
nsp9,Hunan,6,Hubei,7,0.1239717978848414
nsp9,Hunan,6,Zhejiang,3,0.3830645161290323
nsp9,Hunan,6,Guangdong,30,0.20877679697351834
nsp9,Liaoning,4,Yunnan,40,0.5482373154128879
nsp9,Liaoning,4,Jiangxi,11,0.2981652776505786
nsp9,Liaoning,4,Hubei,7,0.23860663637615315
nsp9,Liaoning,4,Zhejiang,3,0.7716390423572744
nsp9,Liaoning,4,Guangdong,30,0.247541811484419
nsp9,Yunnan,40,Jiangxi,11,0.47417912413481805
nsp9,Yunnan,40,Hubei,7,0.5222693305535298
nsp9,Yunnan,40,Zhejiang,3,0.6404808348513915
nsp9,Yunnan,40,Guangdong,30,0.30677156651641274
nsp9,Jiangxi,11,Hubei,7,0.07175809004276534
nsp9,Jiangxi,11,Zhejiang,3,0.19524697110904016
nsp9,Jiangxi,11,Guangdong,30,0.17863555533779668
nsp9,Hubei,7,Zhejiang,3,0.17808577405857748
nsp9,Hubei,7,Guangdong,30,0.2271983278220767
nsp9,Zhejiang,3,Guangdong,30,0.33140550740844277
M,Guangxi,5,Fujian,4,0.23811544991511033
M,Guangxi,5,Guizhou,4,0.19074074074074074
M,Guangxi,5,Hunan,6,0.14017857142857146
M,Guangxi,5,Liaoning,4,0.4681571815718157
M,Guangxi,5,Yunnan,40,-0.011348280521772659
M,Guangxi,5,Jiangxi,11,0.4408631274828458
M,Guangxi,5,Hubei,7,0.12018556478584523
M,Guangxi,5,Zhejiang,3,0.5145631067961165
M,Guangxi,5,Guangdong,30,0.5286514454113052
M,Fujian,4,Guizhou,4,0.3933649289099526
M,Fujian,4,Hunan,6,0.00965089955915652
M,Fujian,4,Liaoning,4,0.8654970760233918
M,Fujian,4,Yunnan,40,0.17275608524226338
M,Fujian,4,Jiangxi,11,0.020839121978327324
M,Fujian,4,Hubei,7,0.009117601607170456
M,Fujian,4,Zhejiang,3,0.619245413637937
M,Fujian,4,Guangdong,30,0.16186220333685777
M,Guizhou,4,Hunan,6,0.035822183858437606
M,Guizhou,4,Liaoning,4,0.7307692307692307
M,Guizhou,4,Yunnan,40,0.2103567754858968
M,Guizhou,4,Jiangxi,11,0.4112870596442274
M,Guizhou,4,Hubei,7,0.14969632011432654
M,Guizhou,4,Zhejiang,3,0.5122625215889465
M,Guizhou,4,Guangdong,30,0.5102808401216622
M,Hunan,6,Liaoning,4,0.31400966183574874
M,Hunan,6,Yunnan,40,0.41599292802416343
M,Hunan,6,Jiangxi,11,0.48787969924812025
M,Hunan,6,Hubei,7,0.18550599104951634
M,Hunan,6,Zhejiang,3,0.05956112852664566
M,Hunan,6,Guangdong,30,0.703355566957414
M,Liaoning,4,Yunnan,40,0.0632004308607218
M,Liaoning,4,Jiangxi,11,0.7023611088634635
M,Liaoning,4,Hubei,7,0.3107890499194847
M,Liaoning,4,Zhejiang,3,0.7186544342507645
M,Liaoning,4,Guangdong,30,0.6974795604098071
M,Yunnan,40,Jiangxi,11,0.22094317084502074
M,Yunnan,40,Hubei,7,0.16058464235554679
M,Yunnan,40,Zhejiang,3,0.5401198433162808
M,Yunnan,40,Guangdong,30,0.36605479571434285
M,Jiangxi,11,Hubei,7,0.284887583035258
M,Jiangxi,11,Zhejiang,3,0.7732841036460737
M,Jiangxi,11,Guangdong,30,0.13863667413772102
M,Hubei,7,Zhejiang,3,0.5757575757575758
M,Hubei,7,Guangdong,30,0.49065018966334756
M,Zhejiang,3,Guangdong,30,0.8152714287619784
nsp6,Guangxi,5,Fujian,4,0.7765855221012171
nsp6,Guangxi,5,Guizhou,4,0.5859236234458259
nsp6,Guangxi,5,Hunan,6,0.3406851549755302
nsp6,Guangxi,5,Liaoning,4,0.8430461711711712
nsp6,Guangxi,5,Yunnan,40,-0.29327626204044593
nsp6,Guangxi,5,Jiangxi,11,0.25073591493051595
nsp6,Guangxi,5,Hubei,7,0.461921265440327
nsp6,Guangxi,5,Zhejiang,3,0.678939844685701
nsp6,Guangxi,5,Guangdong,30,-0.0394630577793112
nsp6,Fujian,4,Guizhou,4,0.7154061624649859
nsp6,Fujian,4,Hunan,6,0.23760808671294611
nsp6,Fujian,4,Liaoning,4,0.890121500264131
nsp6,Fujian,4,Yunnan,40,0.4111473878499132
nsp6,Fujian,4,Jiangxi,11,-0.13462057548001669
nsp6,Fujian,4,Hubei,7,0.36092299974918485
nsp6,Fujian,4,Zhejiang,3,0.5857142857142857
nsp6,Fujian,4,Guangdong,30,0.3628414289161917
nsp6,Guizhou,4,Hunan,6,0.20369592608147832
nsp6,Guizhou,4,Liaoning,4,0.7821782178217822
nsp6,Guizhou,4,Yunnan,40,0.247179170843293
nsp6,Guizhou,4,Jiangxi,11,0.26427223734903005
nsp6,Guizhou,4,Hubei,7,0.34855618330194604
nsp6,Guizhou,4,Zhejiang,3,0.5586149353358365
nsp6,Guizhou,4,Guangdong,30,0.3572011245611735
nsp6,Hunan,6,Liaoning,4,0.27048585931834657
nsp6,Hunan,6,Yunnan,40,0.5021068128370717
nsp6,Hunan,6,Jiangxi,11,0.36342983605076556
nsp6,Hunan,6,Hubei,7,0.15462371832075836
nsp6,Hunan,6,Zhejiang,3,0.10331384015594536
nsp6,Hunan,6,Guangdong,30,0.5937222132947667
nsp6,Liaoning,4,Yunnan,40,0.48579553588818297
nsp6,Liaoning,4,Jiangxi,11,0.39640105839736767
nsp6,Liaoning,4,Hubei,7,0.3113010446343779
nsp6,Liaoning,4,Zhejiang,3,0.6948470209339774
nsp6,Liaoning,4,Guangdong,30,0.5436779541253067
nsp6,Yunnan,40,Jiangxi,11,0.304179724832244
nsp6,Yunnan,40,Hubei,7,0.3835244192325657
nsp6,Yunnan,40,Zhejiang,3,0.593103596464515
nsp6,Yunnan,40,Guangdong,30,0.14412686250733225
nsp6,Jiangxi,11,Hubei,7,0.1949845848931953
nsp6,Jiangxi,11,Zhejiang,3,0.561442775544743
nsp6,Jiangxi,11,Guangdong,30,0.2468813353155832
nsp6,Hubei,7,Zhejiang,3,0.5546816827997021
nsp6,Hubei,7,Guangdong,30,0.44000848058983366
nsp6,Zhejiang,3,Guangdong,30,0.6864530558753126
nsp15,Guangxi,5,Fujian,4,0.7307880567792462
nsp15,Guangxi,5,Guizhou,4,0.3614982578397213
nsp15,Guangxi,5,Hunan,6,0.2908546724309944
nsp15,Guangxi,5,Liaoning,4,0.8069191705459162
nsp15,Guangxi,5,Yunnan,40,-0.12671426981616987
nsp15,Guangxi,5,Jiangxi,11,0.11356238058169969
nsp15,Guangxi,5,Hubei,7,0.42156348373557184
nsp15,Guangxi,5,Zhejiang,3,0.6230950653120465
nsp15,Guangxi,5,Guangdong,30,-0.11860926004960894
nsp15,Fujian,4,Guizhou,4,0.5611038107752957
nsp15,Fujian,4,Hunan,6,0.24990896953513775
nsp15,Fujian,4,Liaoning,4,0.8994708994708995
nsp15,Fujian,4,Yunnan,40,0.4750247125906387
nsp15,Fujian,4,Jiangxi,11,-0.07525155455059362
nsp15,Fujian,4,Hubei,7,0.2179050215860032
nsp15,Fujian,4,Zhejiang,3,0.5036608863198458
nsp15,Fujian,4,Guangdong,30,0.3385087961439903
nsp15,Guizhou,4,Hunan,6,0.11629304645711891
nsp15,Guizhou,4,Liaoning,4,0.6877405167674546
nsp15,Guizhou,4,Yunnan,40,0.28130030638209474
nsp15,Guizhou,4,Jiangxi,11,0.13897756128993974
nsp15,Guizhou,4,Hubei,7,0.2079664040225284
nsp15,Guizhou,4,Zhejiang,3,0.3783169067475361
nsp15,Guizhou,4,Guangdong,30,0.2658263223939159
nsp15,Hunan,6,Liaoning,4,0.34984520123839014
nsp15,Hunan,6,Yunnan,40,0.445103087577438
nsp15,Hunan,6,Jiangxi,11,0.18100499868455672
nsp15,Hunan,6,Hubei,7,0.1479181593822148
nsp15,Hunan,6,Zhejiang,3,0.041040462427745644
nsp15,Hunan,6,Guangdong,30,0.3954400964594979
nsp15,Liaoning,4,Yunnan,40,0.5344130753799965
nsp15,Liaoning,4,Jiangxi,11,0.38359864261899346
nsp15,Liaoning,4,Hubei,7,0.36044849645449123
nsp15,Liaoning,4,Zhejiang,3,0.7817539209189309
nsp15,Liaoning,4,Guangdong,30,0.4950189452332461
nsp15,Yunnan,40,Jiangxi,11,0.35872265324601793
nsp15,Yunnan,40,Hubei,7,0.48691522358915573
nsp15,Yunnan,40,Zhejiang,3,0.5086800295242371
nsp15,Yunnan,40,Guangdong,30,0.19283569648771196
nsp15,Jiangxi,11,Hubei,7,0.1469067272133588
nsp15,Jiangxi,11,Zhejiang,3,0.17634584013050567
nsp15,Jiangxi,11,Guangdong,30,0.2168570615497196
nsp15,Hubei,7,Zhejiang,3,0.24618544600938974
nsp15,Hubei,7,Guangdong,30,0.4185703374531315
nsp15,Zhejiang,3,Guangdong,30,0.43379281896151667
nsp5,Guangxi,5,Fujian,4,0.7398648648648649
nsp5,Guangxi,5,Guizhou,4,0.5482242339832869
nsp5,Guangxi,5,Hunan,6,0.32298613160224254
nsp5,Guangxi,5,Liaoning,4,0.8066615620214396
nsp5,Guangxi,5,Yunnan,40,-0.0981780558384662
nsp5,Guangxi,5,Jiangxi,11,0.2310800680185039
nsp5,Guangxi,5,Hubei,7,0.46233149917155886
nsp5,Guangxi,5,Zhejiang,3,0.6679658773349022
nsp5,Guangxi,5,Guangdong,30,0.012454113830534783
nsp5,Fujian,4,Guizhou,4,0.7098255280073462
nsp5,Fujian,4,Hunan,6,0.22617160968983477
nsp5,Fujian,4,Liaoning,4,0.916247906197655
nsp5,Fujian,4,Yunnan,40,0.4704297429011813
nsp5,Fujian,4,Jiangxi,11,-0.17407713173723316
nsp5,Fujian,4,Hubei,7,0.3102349661489446
nsp5,Fujian,4,Zhejiang,3,0.6085356880058866
nsp5,Fujian,4,Guangdong,30,0.3979694207412093
nsp5,Guizhou,4,Hunan,6,0.12456952855955353
nsp5,Guizhou,4,Liaoning,4,0.7948717948717948
nsp5,Guizhou,4,Yunnan,40,0.35837415046842874
nsp5,Guizhou,4,Jiangxi,11,0.2942915614572519
nsp5,Guizhou,4,Hubei,7,0.39368662828475154
nsp5,Guizhou,4,Zhejiang,3,0.5615874974295703
nsp5,Guizhou,4,Guangdong,30,0.43160370985107405
nsp5,Hunan,6,Liaoning,4,0.2635926449787835
nsp5,Hunan,6,Yunnan,40,0.5258109066477549
nsp5,Hunan,6,Jiangxi,11,0.30880419964596006
nsp5,Hunan,6,Hubei,7,0.1755438859714928
nsp5,Hunan,6,Zhejiang,3,0.06048780487804876
nsp5,Hunan,6,Guangdong,30,0.5704381028938907
nsp5,Liaoning,4,Yunnan,40,0.48436734097169865
nsp5,Liaoning,4,Jiangxi,11,0.376953125
nsp5,Liaoning,4,Hubei,7,0.30040239796337354
nsp5,Liaoning,4,Zhejiang,3,0.7397372742200328
nsp5,Liaoning,4,Guangdong,30,0.53295385538724
nsp5,Yunnan,40,Jiangxi,11,0.37503194349983876
nsp5,Yunnan,40,Hubei,7,0.43595635170278607
nsp5,Yunnan,40,Zhejiang,3,0.6121061285319431
nsp5,Yunnan,40,Guangdong,30,0.20581203530200518
nsp5,Jiangxi,11,Hubei,7,0.15860291946556435
nsp5,Jiangxi,11,Zhejiang,3,0.467920865304613
nsp5,Jiangxi,11,Guangdong,30,0.2889731518287403
nsp5,Hubei,7,Zhejiang,3,0.5059590316573558
nsp5,Hubei,7,Guangdong,30,0.4584702332982043
nsp5,Zhejiang,3,Guangdong,30,0.6609420061283345
nsp10,Guangxi,5,Fujian,4,0.5519713261648745
nsp10,Guangxi,5,Guizhou,4,0.4025157232704403
nsp10,Guangxi,5,Hunan,6,0.18119658119658114
nsp10,Guangxi,5,Liaoning,4,0.7115384615384616
nsp10,Guangxi,5,Yunnan,40,0.17582538793122462
nsp10,Guangxi,5,Jiangxi,11,0.22121324111715324
nsp10,Guangxi,5,Hubei,7,0.31024353770561847
nsp10,Guangxi,5,Zhejiang,3,0.5024038461538461
nsp10,Guangxi,5,Guangdong,30,0.08991679109674443
nsp10,Fujian,4,Guizhou,4,0.6321839080459771
nsp10,Fujian,4,Hunan,6,0.3740710156895128
nsp10,Fujian,4,Liaoning,4,0.8326585695006747
nsp10,Fujian,4,Yunnan,40,0.5707631148940322
nsp10,Fujian,4,Jiangxi,11,0.15312436993036274
nsp10,Fujian,4,Hubei,7,0.22706818968501216
nsp10,Fujian,4,Zhejiang,3,0.1193415637860082
nsp10,Fujian,4,Guangdong,30,0.20260577349219258
nsp10,Guizhou,4,Hunan,6,0.07342060330108151
nsp10,Guizhou,4,Liaoning,4,0.7540983606557377
nsp10,Guizhou,4,Yunnan,40,0.502080819192023
nsp10,Guizhou,4,Jiangxi,11,0.06977209116353462
nsp10,Guizhou,4,Hubei,7,0.03403263403263395
nsp10,Guizhou,4,Zhejiang,3,0.5135135135135135
nsp10,Guizhou,4,Guangdong,30,0.02955502999357829
nsp10,Hunan,6,Liaoning,4,0.46172059984214686
nsp10,Hunan,6,Yunnan,40,0.47931502493957406
nsp10,Hunan,6,Jiangxi,11,0.09637903080526031
nsp10,Hunan,6,Hubei,7,0.17514777692109995
nsp10,Hunan,6,Zhejiang,3,0.32752613240418127
nsp10,Hunan,6,Guangdong,30,0.07240038872691931
nsp10,Liaoning,4,Yunnan,40,0.6623683018064873
nsp10,Liaoning,4,Jiangxi,11,0.3801873536299765
nsp10,Liaoning,4,Hubei,7,0.15915915915915915
nsp10,Liaoning,4,Zhejiang,3,0.7566137566137566
nsp10,Liaoning,4,Guangdong,30,0.3607381852944844
nsp10,Yunnan,40,Jiangxi,11,0.5227510430195272
nsp10,Yunnan,40,Hubei,7,0.6542907387814387
nsp10,Yunnan,40,Zhejiang,3,0.6276498289653563
nsp10,Yunnan,40,Guangdong,30,0.3483379182643115
nsp10,Jiangxi,11,Hubei,7,0.18479968578161823
nsp10,Jiangxi,11,Zhejiang,3,0.17048018047051233
nsp10,Jiangxi,11,Guangdong,30,0.0822579653833511
nsp10,Hubei,7,Zhejiang,3,0.1867795389048992
nsp10,Hubei,7,Guangdong,30,0.3076215304401166
nsp10,Zhejiang,3,Guangdong,30,0.2921950375541941
ORF9b,Guangxi,5,Fujian,4,-0.057692307692307716
ORF9b,Guangxi,5,Guizhou,4,-0.09477124183006531
ORF9b,Guangxi,5,Hunan,6,0.08290766208251461
ORF9b,Guangxi,5,Liaoning,4,0.700920245398773
ORF9b,Guangxi,5,Yunnan,39,0.08644345102467726
ORF9b,Guangxi,5,Jiangxi,11,0.2826086956521739
ORF9b,Guangxi,5,Hubei,7,0.08534095549203766
ORF9b,Guangxi,5,Zhejiang,3,0.47750362844702465
ORF9b,Guangxi,5,Guangdong,30,0.25704610275926126
ORF9b,Fujian,4,Guizhou,4,0.35275080906148865
ORF9b,Fujian,4,Hunan,6,0.08750934928945397
ORF9b,Fujian,4,Liaoning,4,0.8842105263157894
ORF9b,Fujian,4,Yunnan,39,0.07142261106225652
ORF9b,Fujian,4,Jiangxi,11,-0.003278688524590123
ORF9b,Fujian,4,Hubei,7,0.04770139789595048
ORF9b,Fujian,4,Zhejiang,3,0.55
ORF9b,Fujian,4,Guangdong,30,-0.08288967761017439
ORF9b,Guizhou,4,Hunan,6,-0.014037985136251045
ORF9b,Guizhou,4,Liaoning,4,0.8731884057971014
ORF9b,Guizhou,4,Yunnan,39,0.028770234139902266
ORF9b,Guizhou,4,Jiangxi,11,0.22859744990892533
ORF9b,Guizhou,4,Hubei,7,0.0007497375918428188
ORF9b,Guizhou,4,Zhejiang,3,0.5373291272344901
ORF9b,Guizhou,4,Guangdong,30,0.1254923021840315
ORF9b,Hunan,6,Liaoning,4,0.5224372169617126
ORF9b,Hunan,6,Yunnan,39,0.39700332125603865
ORF9b,Hunan,6,Jiangxi,11,0.4733843537414966
ORF9b,Hunan,6,Hubei,7,0.15664711632453562
ORF9b,Hunan,6,Zhejiang,3,0.13507109004739326
ORF9b,Hunan,6,Guangdong,30,0.5700404858299595
ORF9b,Liaoning,4,Yunnan,39,0.5804660648865052
ORF9b,Liaoning,4,Jiangxi,11,0.79875202363925
ORF9b,Liaoning,4,Hubei,7,0.5479582146248813
ORF9b,Liaoning,4,Zhejiang,3,0.7321814254859611
ORF9b,Liaoning,4,Guangdong,30,0.7328419238315272
ORF9b,Yunnan,39,Jiangxi,11,0.10979450911690344
ORF9b,Yunnan,39,Hubei,7,0.24094918249419417
ORF9b,Yunnan,39,Zhejiang,3,0.6082064936803258
ORF9b,Yunnan,39,Guangdong,30,0.26712686911914557
ORF9b,Jiangxi,11,Hubei,7,0.2990196078431373
ORF9b,Jiangxi,11,Zhejiang,3,0.7636306704763396
ORF9b,Jiangxi,11,Guangdong,30,0.01408041397542023
ORF9b,Hubei,7,Zhejiang,3,0.5595238095238095
ORF9b,Hubei,7,Guangdong,30,0.35600694198484095
ORF9b,Zhejiang,3,Guangdong,30,0.7450485337518552
nsp4,Guangxi,5,Fujian,4,0.5749312557286893
nsp4,Guangxi,5,Guizhou,4,0.06609195402298845
nsp4,Guangxi,5,Hunan,6,0.1663938223938225
nsp4,Guangxi,5,Liaoning,4,0.6417340521114105
nsp4,Guangxi,5,Yunnan,40,0.0028549174014451456
nsp4,Guangxi,5,Jiangxi,11,0.21892577597840748
nsp4,Guangxi,5,Hubei,7,0.2634013046908575
nsp4,Guangxi,5,Zhejiang,3,0.5846650658276062
nsp4,Guangxi,5,Guangdong,30,0.19020916317704054
nsp4,Fujian,4,Guizhou,4,0.6736026111791106
nsp4,Fujian,4,Hunan,6,0.1441753832927354
nsp4,Fujian,4,Liaoning,4,0.8996865203761756
nsp4,Fujian,4,Yunnan,40,0.36971681963208836
nsp4,Fujian,4,Jiangxi,11,-0.11200591381484537
nsp4,Fujian,4,Hubei,7,0.33080656958574367
nsp4,Fujian,4,Zhejiang,3,0.5958110516934046
nsp4,Fujian,4,Guangdong,30,0.030731838613612075
nsp4,Guizhou,4,Hunan,6,0.10647719947307942
nsp4,Guizhou,4,Liaoning,4,0.7647993643226063
nsp4,Guizhou,4,Yunnan,40,0.07792600388439844
nsp4,Guizhou,4,Jiangxi,11,0.2225323876848123
nsp4,Guizhou,4,Hubei,7,0.277675259557494
nsp4,Guizhou,4,Zhejiang,3,0.5809833694866233
nsp4,Guizhou,4,Guangdong,30,0.20166179679418936
nsp4,Hunan,6,Liaoning,4,0.23100075244544765
nsp4,Hunan,6,Yunnan,40,0.4853622537467755
nsp4,Hunan,6,Jiangxi,11,0.37272445436507945
nsp4,Hunan,6,Hubei,7,0.16104070192542047
nsp4,Hunan,6,Zhejiang,3,0.06165282028858763
nsp4,Hunan,6,Guangdong,30,0.5350969656654556
nsp4,Liaoning,4,Yunnan,40,0.39548032585044396
nsp4,Liaoning,4,Jiangxi,11,0.4072733248702553
nsp4,Liaoning,4,Hubei,7,0.20512913042955264
nsp4,Liaoning,4,Zhejiang,3,0.7134954697186456
nsp4,Liaoning,4,Guangdong,30,0.41405392097204907
nsp4,Yunnan,40,Jiangxi,11,0.2825132075121639
nsp4,Yunnan,40,Hubei,7,0.3355804786058095
nsp4,Yunnan,40,Zhejiang,3,0.6096813070732106
nsp4,Yunnan,40,Guangdong,30,0.2661348793470853
nsp4,Jiangxi,11,Hubei,7,0.22977993712489284
nsp4,Jiangxi,11,Zhejiang,3,0.5951212654590833
nsp4,Jiangxi,11,Guangdong,30,0.0711151374961783
nsp4,Hubei,7,Zhejiang,3,0.5608576791251836
nsp4,Hubei,7,Guangdong,30,0.3350426549734341
nsp4,Zhejiang,3,Guangdong,30,0.6518795984872998
nsp2,Guangxi,5,Fujian,4,0.38816898440792247
nsp2,Guangxi,5,Guizhou,4,0.035538506079907294
nsp2,Guangxi,5,Hunan,6,0.0936845255911404
nsp2,Guangxi,5,Liaoning,4,0.5650232225794927
nsp2,Guangxi,5,Yunnan,40,0.006779603783807836
nsp2,Guangxi,5,Jiangxi,11,0.36339005808342667
nsp2,Guangxi,5,Hubei,7,0.13014058942346682
nsp2,Guangxi,5,Zhejiang,3,0.6204094524363282
nsp2,Guangxi,5,Guangdong,30,0.4431715485889311
nsp2,Fujian,4,Guizhou,4,0.5847826086956521
nsp2,Fujian,4,Hunan,6,0.1506474365722707
nsp2,Fujian,4,Liaoning,4,0.8672853828306265
nsp2,Fujian,4,Yunnan,40,0.30121919819094456
nsp2,Fujian,4,Jiangxi,11,-0.1180396578270959
nsp2,Fujian,4,Hubei,7,0.17044142463806733
nsp2,Fujian,4,Zhejiang,3,0.7625455121101788
nsp2,Fujian,4,Guangdong,30,-0.04846724275295708
nsp2,Guizhou,4,Hunan,6,0.09653941952693025
nsp2,Guizhou,4,Liaoning,4,0.7576614804337577
nsp2,Guizhou,4,Yunnan,40,-0.010056889089310773
nsp2,Guizhou,4,Jiangxi,11,0.3874921185372005
nsp2,Guizhou,4,Hubei,7,0.18083063362811203
nsp2,Guizhou,4,Zhejiang,3,0.6968381897086174
nsp2,Guizhou,4,Guangdong,30,0.4399822431363242
nsp2,Hunan,6,Liaoning,4,0.27891761417772976
nsp2,Hunan,6,Yunnan,40,0.43713958132023184
nsp2,Hunan,6,Jiangxi,11,0.4325812958513741
nsp2,Hunan,6,Hubei,7,0.14208561965495073
nsp2,Hunan,6,Zhejiang,3,0.14653094026252342
nsp2,Hunan,6,Guangdong,30,0.6208102565758667
nsp2,Liaoning,4,Yunnan,40,0.3583164677183826
nsp2,Liaoning,4,Jiangxi,11,0.5392132388957331
nsp2,Liaoning,4,Hubei,7,0.22077080579529842
nsp2,Liaoning,4,Zhejiang,3,0.8493295163477476
nsp2,Liaoning,4,Guangdong,30,0.5666843994099424
nsp2,Yunnan,40,Jiangxi,11,0.3094414544360033
nsp2,Yunnan,40,Hubei,7,0.28638161176058097
nsp2,Yunnan,40,Zhejiang,3,0.5996005880218047
nsp2,Yunnan,40,Guangdong,30,0.35613282329102497
nsp2,Jiangxi,11,Hubei,7,0.25600091454774965
nsp2,Jiangxi,11,Zhejiang,3,0.7259828371691147
nsp2,Jiangxi,11,Guangdong,30,0.18707638321882908
nsp2,Hubei,7,Zhejiang,3,0.6140410958904109
nsp2,Hubei,7,Guangdong,30,0.4263135021386582
nsp2,Zhejiang,3,Guangdong,30,0.768607592758312
nsp13,Guangxi,5,Fujian,4,0.6150855365474339
nsp13,Guangxi,5,Guizhou,4,0.4778006744098913
nsp13,Guangxi,5,Hunan,6,0.2800000000000001
nsp13,Guangxi,5,Liaoning,4,0.7196295232624929
nsp13,Guangxi,5,Yunnan,40,0.17093064076935255
nsp13,Guangxi,5,Jiangxi,11,-0.00566560048193456
nsp13,Guangxi,5,Hubei,7,0.31610374533772406
nsp13,Guangxi,5,Zhejiang,3,0.5783395075179777
nsp13,Guangxi,5,Guangdong,30,0.031824576541426626
nsp13,Fujian,4,Guizhou,4,0.6703125
nsp13,Fujian,4,Hunan,6,0.4199628942486085
nsp13,Fujian,4,Liaoning,4,0.8446349701221098
nsp13,Fujian,4,Yunnan,40,0.6520731138682873
nsp13,Fujian,4,Jiangxi,11,0.325937000299008
nsp13,Fujian,4,Hubei,7,0.3237823298158494
nsp13,Fujian,4,Zhejiang,3,0.03550973654066436
nsp13,Fujian,4,Guangdong,30,0.23903280407375996
nsp13,Guizhou,4,Hunan,6,0.1962110960757781
nsp13,Guizhou,4,Liaoning,4,0.7720430107526881
nsp13,Guizhou,4,Yunnan,40,0.5811304462298719
nsp13,Guizhou,4,Jiangxi,11,0.2708112991362595
nsp13,Guizhou,4,Hubei,7,0.17303362062271907
nsp13,Guizhou,4,Zhejiang,3,0.6312056737588653
nsp13,Guizhou,4,Guangdong,30,0.29821617261693956
nsp13,Hunan,6,Liaoning,4,0.49740783410138245
nsp13,Hunan,6,Yunnan,40,0.5532789565023344
nsp13,Hunan,6,Jiangxi,11,0.19306208137558736
nsp13,Hunan,6,Hubei,7,0.10725349231398669
nsp13,Hunan,6,Zhejiang,3,0.3664743807261622
nsp13,Hunan,6,Guangdong,30,0.31448168355416983
nsp13,Liaoning,4,Yunnan,40,0.664850852357572
nsp13,Liaoning,4,Jiangxi,11,0.4457526886487158
nsp13,Liaoning,4,Hubei,7,0.20595439984925576
nsp13,Liaoning,4,Zhejiang,3,0.860411522633745
nsp13,Liaoning,4,Guangdong,30,0.41732855862442125
nsp13,Yunnan,40,Jiangxi,11,0.41404131402811045
nsp13,Yunnan,40,Hubei,7,0.6300333808128037
nsp13,Yunnan,40,Zhejiang,3,0.6626193734134921
nsp13,Yunnan,40,Guangdong,30,0.3496681446172654
nsp13,Jiangxi,11,Hubei,7,0.2753931045739779
nsp13,Jiangxi,11,Zhejiang,3,0.32207618481399686
nsp13,Jiangxi,11,Guangdong,30,0.06073025047597273
nsp13,Hubei,7,Zhejiang,3,0.27738477246207704
nsp13,Hubei,7,Guangdong,30,0.3629043364143775
nsp13,Zhejiang,3,Guangdong,30,0.2614815493639052
E,Guangxi,5,Fujian,4,0.4980314960629921
E,Guangxi,5,Guizhou,4,0.29086538461538464
E,Guangxi,5,Hunan,6,0.09032258064516144
E,Guangxi,5,Liaoning,4,0.6331521739130435
E,Guangxi,5,Yunnan,40,-0.02771827328789355
E,Guangxi,5,Jiangxi,11,0.3659369351275356
E,Guangxi,5,Hubei,7,0.15322580645161288
E,Guangxi,5,Zhejiang,3,0.5006747638326585
E,Guangxi,5,Guangdong,30,0.6470877999577772
E,Fujian,4,Guizhou,4,0.6888888888888888
E,Fujian,4,Hunan,6,0.1575846833578793
E,Fujian,4,Liaoning,4,0.9375
E,Fujian,4,Yunnan,40,0.327247094422667
E,Fujian,4,Jiangxi,11,-0.3224043715846994
E,Fujian,4,Hubei,7,0.008051529790660197
E,Fujian,4,Zhejiang,3,0.6245954692556634
E,Fujian,4,Guangdong,30,-0.1433345267931734
E,Guizhou,4,Hunan,6,-0.11336405529953926
E,Guizhou,4,Liaoning,4,0.8768115942028986
E,Guizhou,4,Yunnan,40,0.2065925060325072
E,Guizhou,4,Jiangxi,11,0.18032786885245908
E,Guizhou,4,Hubei,7,0.04483430799220279
E,Guizhou,4,Zhejiang,3,0.54320987654321
E,Guizhou,4,Guangdong,30,0.4569067296340023
E,Hunan,6,Liaoning,4,0.481810115350488
E,Hunan,6,Yunnan,40,0.38187992445199076
E,Hunan,6,Jiangxi,11,0.3973982172970368
E,Hunan,6,Hubei,7,0.19940476190476195
E,Hunan,6,Zhejiang,3,-0.02469135802469127
E,Hunan,6,Guangdong,30,0.7030508474576271
E,Liaoning,4,Yunnan,40,0.4890063287009852
E,Liaoning,4,Jiangxi,11,0.6821559146125723
E,Liaoning,4,Hubei,7,0.5333333333333333
E,Liaoning,4,Zhejiang,3,0.7887788778877888
E,Liaoning,4,Guangdong,30,0.8252028083960857
E,Yunnan,40,Jiangxi,11,0.3712109861381638
E,Yunnan,40,Hubei,7,0.3588169193594292
E,Yunnan,40,Zhejiang,3,0.5279981292608782
E,Yunnan,40,Guangdong,30,0.45914697528084886
E,Jiangxi,11,Hubei,7,0.2788353863381859
E,Jiangxi,11,Zhejiang,3,0.54721963342653
E,Jiangxi,11,Guangdong,30,0.31271585557299847
E,Hubei,7,Zhejiang,3,0.4253177966101695
E,Hubei,7,Guangdong,30,0.609075547129374
E,Zhejiang,3,Guangdong,30,0.7577219441517387
ORF9a,Guangxi,5,Fujian,4,0.3923611111111111
ORF9a,Guangxi,5,Guizhou,4,0.017857142857142794
ORF9a,Guangxi,5,Hunan,6,-0.03157894736842113
ORF9a,Guangxi,5,Liaoning,4,0.7341269841269841
ORF9a,Guangxi,5,Yunnan,39,-0.004643502204509998
ORF9a,Guangxi,5,Jiangxi,11,0.2445054945054946
ORF9a,Guangxi,5,Hubei,7,-0.028092287972655484
ORF9a,Guangxi,5,Zhejiang,3,0.5400753093060785
ORF9a,Guangxi,5,Guangdong,30,0.33937093683063396
ORF9a,Fujian,4,Guizhou,4,0.7058823529411765
ORF9a,Fujian,4,Hunan,6,0.2681017612524461
ORF9a,Fujian,4,Liaoning,4,0.958904109589041
ORF9a,Fujian,4,Yunnan,39,0.19485348802617874
ORF9a,Fujian,4,Jiangxi,11,0.2540283032086311
ORF9a,Fujian,4,Hubei,7,0.26458484628419277
ORF9a,Fujian,4,Zhejiang,3,0.6636636636636637
ORF9a,Fujian,4,Guangdong,30,0.3033357921481845
ORF9a,Guizhou,4,Hunan,6,-0.0999329309188465
ORF9a,Guizhou,4,Liaoning,4,0.8524590163934426
ORF9a,Guizhou,4,Yunnan,39,-0.11085674726329411
ORF9a,Guizhou,4,Jiangxi,11,0.21857923497267748
ORF9a,Guizhou,4,Hubei,7,-0.17165242165242167
ORF9a,Guizhou,4,Zhejiang,3,0.5710144927536233
ORF9a,Guizhou,4,Guangdong,30,0.36136203115125826
ORF9a,Hunan,6,Liaoning,4,0.5487431023911711
ORF9a,Hunan,6,Yunnan,39,0.29258934657707664
ORF9a,Hunan,6,Jiangxi,11,0.38470824949698185
ORF9a,Hunan,6,Hubei,7,0.08165997322623829
ORF9a,Hunan,6,Zhejiang,3,0.2914110429447852
ORF9a,Hunan,6,Guangdong,30,0.5985010706638115
ORF9a,Liaoning,4,Yunnan,39,0.5902070377993657
ORF9a,Liaoning,4,Jiangxi,11,0.762215941209723
ORF9a,Liaoning,4,Hubei,7,0.405024327276338
ORF9a,Liaoning,4,Zhejiang,3,0.7951690821256039
ORF9a,Liaoning,4,Guangdong,30,0.7702643246353268
ORF9a,Yunnan,39,Jiangxi,11,0.07644546754421976
ORF9a,Yunnan,39,Hubei,7,0.2594746020985788
ORF9a,Yunnan,39,Zhejiang,3,0.6221236204031192
ORF9a,Yunnan,39,Guangdong,30,0.2756310460203768
ORF9a,Jiangxi,11,Hubei,7,0.31068252823840414
ORF9a,Jiangxi,11,Zhejiang,3,0.7296941230381487
ORF9a,Jiangxi,11,Guangdong,30,0.16304190703969929
ORF9a,Hubei,7,Zhejiang,3,0.5024509803921569
ORF9a,Hubei,7,Guangdong,30,0.5447313795646355
ORF9a,Zhejiang,3,Guangdong,30,0.7906798105236206
ORF7a,Guangxi,5,Fujian,4,0.31372549019607837
ORF7a,Guangxi,5,Guizhou,4,0.09790640394088673
ORF7a,Guangxi,5,Hunan,6,0.09101796407185626
ORF7a,Guangxi,5,Liaoning,4,0.5259391771019678
ORF7a,Guangxi,5,Yunnan,39,-0.05808165751834194
ORF7a,Guangxi,5,Jiangxi,11,0.3342125900049904
ORF7a,Guangxi,5,Hubei,7,0.1673387096774194
ORF7a,Guangxi,5,Zhejiang,3,0.4991293659735737
ORF7a,Guangxi,5,Guangdong,30,0.45751952174167043
ORF7a,Fujian,4,Guizhou,4,0.6332622601279317
ORF7a,Fujian,4,Hunan,6,0.2576419213973799
ORF7a,Fujian,4,Liaoning,4,0.8745098039215686
ORF7a,Fujian,4,Yunnan,39,0.227647792535329
ORF7a,Fujian,4,Jiangxi,11,0.05706419722187449
ORF7a,Fujian,4,Hubei,7,0.3681369812023078
ORF7a,Fujian,4,Zhejiang,3,0.6176991150442478
ORF7a,Fujian,4,Guangdong,30,0.15127053606958105
ORF7a,Guizhou,4,Hunan,6,0.03942133815551526
ORF7a,Guizhou,4,Liaoning,4,0.6438356164383562
ORF7a,Guizhou,4,Yunnan,39,-0.08190380569898635
ORF7a,Guizhou,4,Jiangxi,11,0.5556627022393656
ORF7a,Guizhou,4,Hubei,7,0.1360623781676413
ORF7a,Guizhou,4,Zhejiang,3,0.5157232704402516
ORF7a,Guizhou,4,Guangdong,30,0.6361214288714604
ORF7a,Hunan,6,Liaoning,4,0.27261384903306296
ORF7a,Hunan,6,Yunnan,39,0.316262631613021
ORF7a,Hunan,6,Jiangxi,11,0.5211133579160223
ORF7a,Hunan,6,Hubei,7,0.16783216783216795
ORF7a,Hunan,6,Zhejiang,3,0.15000000000000005
ORF7a,Hunan,6,Guangdong,30,0.6922038060159608
ORF7a,Liaoning,4,Yunnan,39,0.21665271173457626
ORF7a,Liaoning,4,Jiangxi,11,0.6438425363530303
ORF7a,Liaoning,4,Hubei,7,0.310100536542168
ORF7a,Liaoning,4,Zhejiang,3,0.6889580093312597
ORF7a,Liaoning,4,Guangdong,30,0.6635731513751363
ORF7a,Yunnan,39,Jiangxi,11,0.2145818537764271
ORF7a,Yunnan,39,Hubei,7,0.16385370531876262
ORF7a,Yunnan,39,Zhejiang,3,0.5529615900307595
ORF7a,Yunnan,39,Guangdong,30,0.3589031246902268
ORF7a,Jiangxi,11,Hubei,7,0.4443649885583524
ORF7a,Jiangxi,11,Zhejiang,3,0.7088583471593202
ORF7a,Jiangxi,11,Guangdong,30,0.12177114075062831
ORF7a,Hubei,7,Zhejiang,3,0.5414062500000001
ORF7a,Hubei,7,Guangdong,30,0.6026005538216472
ORF7a,Zhejiang,3,Guangdong,30,0.7705821667406741
N,Guangxi,5,Fujian,4,0.2932628797886394
N,Guangxi,5,Guizhou,4,0.12464488636363644
N,Guangxi,5,Hunan,6,0.06615044247787608
N,Guangxi,5,Liaoning,4,0.7292993630573248
N,Guangxi,5,Yunnan,39,-0.03630837632268557
N,Guangxi,5,Jiangxi,11,0.23798970546182435
N,Guangxi,5,Hubei,7,0.06589467879790471
N,Guangxi,5,Zhejiang,3,0.49295774647887325
N,Guangxi,5,Guangdong,30,0.209418661455789
N,Fujian,4,Guizhou,4,0.5973782771535581
N,Fujian,4,Hunan,6,0.17448130883831464
N,Fujian,4,Liaoning,4,0.9089615931721194
N,Fujian,4,Yunnan,39,0.10109069538491468
N,Fujian,4,Jiangxi,11,0.028891282092191564
N,Fujian,4,Hubei,7,0.15977813562354626
N,Fujian,4,Zhejiang,3,0.5779200975907288
N,Fujian,4,Guangdong,30,0.09196220175791388
N,Guizhou,4,Hunan,6,0.030844155844155858
N,Guizhou,4,Liaoning,4,0.8475378787878788
N,Guizhou,4,Yunnan,39,0.043004759250525215
N,Guizhou,4,Jiangxi,11,0.32007524858908903
N,Guizhou,4,Hubei,7,0.041127694859038146
N,Guizhou,4,Zhejiang,3,0.5336170212765958
N,Guizhou,4,Guangdong,30,0.29774437482556704
N,Hunan,6,Liaoning,4,0.5058039305826916
N,Hunan,6,Yunnan,39,0.3104183246041
N,Hunan,6,Jiangxi,11,0.38999754841873
N,Hunan,6,Hubei,7,0.12326934264107028
N,Hunan,6,Zhejiang,3,0.15926395939086294
N,Hunan,6,Guangdong,30,0.5032128162479208
N,Liaoning,4,Yunnan,39,0.5211385096368704
N,Liaoning,4,Jiangxi,11,0.7004328343656072
N,Liaoning,4,Hubei,7,0.40770959638884174
N,Liaoning,4,Zhejiang,3,0.7624567825910108
N,Liaoning,4,Guangdong,30,0.6671019598315517
N,Yunnan,39,Jiangxi,11,0.12595103448517253
N,Yunnan,39,Hubei,7,0.23225798707213124
N,Yunnan,39,Zhejiang,3,0.5371222693360528
N,Yunnan,39,Guangdong,30,0.21091079535203505
N,Jiangxi,11,Hubei,7,0.2973344213246294
N,Jiangxi,11,Zhejiang,3,0.6560260586319219
N,Jiangxi,11,Guangdong,30,0.0920470414051852
N,Hubei,7,Zhejiang,3,0.4565956482320943
N,Hubei,7,Guangdong,30,0.4055677012229468
N,Zhejiang,3,Guangdong,30,0.6724254786700208
ORF3a,Guangxi,5,Fujian,4,0.3663630653266331
ORF3a,Guangxi,5,Guizhou,4,0.23730211081794192
ORF3a,Guangxi,5,Hunan,6,0.09560810810810817
ORF3a,Guangxi,5,Liaoning,4,0.4485927627800115
ORF3a,Guangxi,5,Yunnan,40,0.08814987694239489
ORF3a,Guangxi,5,Jiangxi,11,0.47545264025835715
ORF3a,Guangxi,5,Hubei,7,0.0993732911776949
ORF3a,Guangxi,5,Zhejiang,3,0.4392660910518054
ORF3a,Guangxi,5,Guangdong,30,0.6813902903015775
ORF3a,Fujian,4,Guizhou,4,0.652750165672631
ORF3a,Fujian,4,Hunan,6,0.17264044366848114
ORF3a,Fujian,4,Liaoning,4,0.92152466367713
ORF3a,Fujian,4,Yunnan,40,0.24565376090925264
ORF3a,Fujian,4,Jiangxi,11,-0.13487054917422459
ORF3a,Fujian,4,Hubei,7,0.2018255222046692
ORF3a,Fujian,4,Zhejiang,3,0.5946801773274224
ORF3a,Fujian,4,Guangdong,30,0.06995004020845073
ORF3a,Guizhou,4,Hunan,6,-0.019059568620421765
ORF3a,Guizhou,4,Liaoning,4,0.8387563268257412
ORF3a,Guizhou,4,Yunnan,40,0.22159663620125022
ORF3a,Guizhou,4,Jiangxi,11,0.43850457025842837
ORF3a,Guizhou,4,Hubei,7,0.030837704657447108
ORF3a,Guizhou,4,Zhejiang,3,0.5589970501474926
ORF3a,Guizhou,4,Guangdong,30,0.6303940632004906
ORF3a,Hunan,6,Liaoning,4,0.3528833551769332
ORF3a,Hunan,6,Yunnan,40,0.3389137641714075
ORF3a,Hunan,6,Jiangxi,11,0.5027935919502184
ORF3a,Hunan,6,Hubei,7,0.15708574579542317
ORF3a,Hunan,6,Zhejiang,3,0.00843881856540087
ORF3a,Hunan,6,Guangdong,30,0.7581796856673704
ORF3a,Liaoning,4,Yunnan,40,0.0977167392310604
ORF3a,Liaoning,4,Jiangxi,11,0.7099088617413225
ORF3a,Liaoning,4,Hubei,7,0.3353401925985832
ORF3a,Liaoning,4,Zhejiang,3,0.7256182921138591
ORF3a,Liaoning,4,Guangdong,30,0.7848181848922842
ORF3a,Yunnan,40,Jiangxi,11,0.2847409222519636
ORF3a,Yunnan,40,Hubei,7,0.21553740827094392
ORF3a,Yunnan,40,Zhejiang,3,0.42646643247508187
ORF3a,Yunnan,40,Guangdong,30,0.44939376509087836
ORF3a,Jiangxi,11,Hubei,7,0.3920714235488521
ORF3a,Jiangxi,11,Zhejiang,3,0.6939607837197149
ORF3a,Jiangxi,11,Guangdong,30,0.23697757612773748
ORF3a,Hubei,7,Zhejiang,3,0.4882124738883915
ORF3a,Hubei,7,Guangdong,30,0.6602469688212739
ORF3a,Zhejiang,3,Guangdong,30,0.8124163458201827
ORF3b,Guangxi,5,Fujian,4,0.3216934487021014
ORF3b,Guangxi,5,Guizhou,4,0.21103896103896103
ORF3b,Guangxi,5,Hunan,6,0.1101861993428259
ORF3b,Guangxi,5,Liaoning,4,0.3322328931572629
ORF3b,Guangxi,5,Yunnan,40,0.09062504460752523
ORF3b,Guangxi,5,Jiangxi,11,0.5414781297134238
ORF3b,Guangxi,5,Hubei,7,0.058133517336553336
ORF3b,Guangxi,5,Zhejiang,3,0.3964651536453102
ORF3b,Guangxi,5,Guangdong,30,0.7454389256889652
ORF3b,Fujian,4,Guizhou,4,0.699404761904762
ORF3b,Fujian,4,Hunan,6,0.20328879753340176
ORF3b,Fujian,4,Liaoning,4,0.9203187250996016
ORF3b,Fujian,4,Yunnan,40,0.3433675080329116
ORF3b,Fujian,4,Jiangxi,11,-0.19166965420591203
ORF3b,Fujian,4,Hubei,7,0.1766670073937783
ORF3b,Fujian,4,Zhejiang,3,0.619550858652576
ORF3b,Fujian,4,Guangdong,30,0.07675755639982514
ORF3b,Guizhou,4,Hunan,6,-0.05847115509832001
ORF3b,Guizhou,4,Liaoning,4,0.8579017264276229
ORF3b,Guizhou,4,Yunnan,40,0.33888328332077544
ORF3b,Guizhou,4,Jiangxi,11,0.4718002707174011
ORF3b,Guizhou,4,Hubei,7,-0.04739589756237914
ORF3b,Guizhou,4,Zhejiang,3,0.566006600660066
ORF3b,Guizhou,4,Guangdong,30,0.6740639901734128
ORF3b,Hunan,6,Liaoning,4,0.3970315398886827
ORF3b,Hunan,6,Yunnan,40,0.45753642894715146
ORF3b,Hunan,6,Jiangxi,11,0.5518027303488778
ORF3b,Hunan,6,Hubei,7,0.12806501331091505
ORF3b,Hunan,6,Zhejiang,3,0.005277044854881192
ORF3b,Hunan,6,Guangdong,30,0.8066077602766039
ORF3b,Liaoning,4,Yunnan,40,0.020483915017310384
ORF3b,Liaoning,4,Jiangxi,11,0.7841481212305925
ORF3b,Liaoning,4,Hubei,7,0.37634243239779575
ORF3b,Liaoning,4,Zhejiang,3,0.7266851338873499
ORF3b,Liaoning,4,Guangdong,30,0.8471818952223504
ORF3b,Yunnan,40,Jiangxi,11,0.36741215796192966
ORF3b,Yunnan,40,Hubei,7,0.30159411168015804
ORF3b,Yunnan,40,Zhejiang,3,0.5293255265406956
ORF3b,Yunnan,40,Guangdong,30,0.5059743006756047
ORF3b,Jiangxi,11,Hubei,7,0.4392241149617209
ORF3b,Jiangxi,11,Zhejiang,3,0.7372173215717723
ORF3b,Jiangxi,11,Guangdong,30,0.22616612944168507
ORF3b,Hubei,7,Zhejiang,3,0.44015293383270915
ORF3b,Hubei,7,Guangdong,30,0.7282392905986677
ORF3b,Zhejiang,3,Guangdong,30,0.8497339367532328
ORF6,Guangxi,5,Fujian,4,0.38392857142857145
ORF6,Guangxi,5,Guizhou,4,0.18478260869565216
ORF6,Guangxi,5,Hunan,6,0.08049209138840055
ORF6,Guangxi,5,Liaoning,4,0.5360824742268041
ORF6,Guangxi,5,Yunnan,40,-0.18415679869334414
ORF6,Guangxi,5,Jiangxi,11,0.5027159628526371
ORF6,Guangxi,5,Hubei,7,0.11602900725181284
ORF6,Guangxi,5,Zhejiang,3,0.5982142857142857
ORF6,Guangxi,5,Guangdong,30,0.537561519175411
ORF6,Fujian,4,Guizhou,4,0.7142857142857143
ORF6,Fujian,4,Hunan,6,0.050588609608654043
ORF6,Fujian,4,Liaoning,4,0.9411764705882353
ORF6,Fujian,4,Yunnan,40,0.11653433198923442
ORF6,Fujian,4,Jiangxi,11,-0.5456674473067915
ORF6,Fujian,4,Hubei,7,0.1470523778216086
ORF6,Fujian,4,Zhejiang,3,0.6565096952908588
ORF6,Fujian,4,Guangdong,30,-0.40179942944919894
ORF6,Guizhou,4,Hunan,6,-0.06162464985994397
ORF6,Guizhou,4,Liaoning,4,0.8837209302325582
ORF6,Guizhou,4,Yunnan,40,-0.012739715505290843
ORF6,Guizhou,4,Jiangxi,11,0.3193257908104364
ORF6,Guizhou,4,Hubei,7,-0.05894627021387588
ORF6,Guizhou,4,Zhejiang,3,0.6302521008403361
ORF6,Guizhou,4,Guangdong,30,0.32057558225782523
ORF6,Hunan,6,Liaoning,4,0.17043574186431323
ORF6,Hunan,6,Yunnan,40,0.3763753704839055
ORF6,Hunan,6,Jiangxi,11,0.5811180124223603
ORF6,Hunan,6,Hubei,7,0.23333333333333328
ORF6,Hunan,6,Zhejiang,3,0.031578947368421005
ORF6,Hunan,6,Guangdong,30,0.775028636884307
ORF6,Liaoning,4,Yunnan,40,0.09041020265318939
ORF6,Liaoning,4,Jiangxi,11,0.7611711168375459
ORF6,Liaoning,4,Hubei,7,0.42922767728969274
ORF6,Liaoning,4,Zhejiang,3,0.6577540106951871
ORF6,Liaoning,4,Guangdong,30,0.7265237753392814
ORF6,Yunnan,40,Jiangxi,11,0.19050413276384123
ORF6,Yunnan,40,Hubei,7,0.06966127741690319
ORF6,Yunnan,40,Zhejiang,3,0.548514031272652
ORF6,Yunnan,40,Guangdong,30,0.37019144748613353
ORF6,Jiangxi,11,Hubei,7,0.36337971365194593
ORF6,Jiangxi,11,Zhejiang,3,0.84192288092407
ORF6,Jiangxi,11,Guangdong,30,0.01084183673469388
ORF6,Hubei,7,Zhejiang,3,0.6905320813771517
ORF6,Hubei,7,Guangdong,30,0.4239258667275564
ORF6,Zhejiang,3,Guangdong,30,0.8744002187802998
nsp3,Guangxi,5,Fujian,4,0.5532760298410639
nsp3,Guangxi,5,Guizhou,4,0.058417017600691096
nsp3,Guangxi,5,Hunan,6,0.17418944691671961
nsp3,Guangxi,5,Liaoning,4,0.6034770979605483
nsp3,Guangxi,5,Yunnan,40,0.023267115841940744
nsp3,Guangxi,5,Jiangxi,11,0.5067413025159504
nsp3,Guangxi,5,Hubei,7,0.24285024584227982
nsp3,Guangxi,5,Zhejiang,3,0.5280137833611641
nsp3,Guangxi,5,Guangdong,30,0.5812787731642024
nsp3,Fujian,4,Guizhou,4,0.6618997030862684
nsp3,Fujian,4,Hunan,6,0.212712980881361
nsp3,Fujian,4,Liaoning,4,0.900091764166093
nsp3,Fujian,4,Yunnan,40,0.4441541740814006
nsp3,Fujian,4,Jiangxi,11,-0.06245587588719313
nsp3,Fujian,4,Hubei,7,0.2658530119377222
nsp3,Fujian,4,Zhejiang,3,0.614246906127377
nsp3,Fujian,4,Guangdong,30,0.22028401079837745
nsp3,Guizhou,4,Hunan,6,0.16138100352923115
nsp3,Guizhou,4,Liaoning,4,0.7373992643135933
nsp3,Guizhou,4,Yunnan,40,0.1132278646927596
nsp3,Guizhou,4,Jiangxi,11,0.5327442822107177
nsp3,Guizhou,4,Hubei,7,0.259280971249706
nsp3,Guizhou,4,Zhejiang,3,0.5357330530740936
nsp3,Guizhou,4,Guangdong,30,0.5865165275638419
nsp3,Hunan,6,Liaoning,4,0.2494692144373673
nsp3,Hunan,6,Yunnan,40,0.5182518212112176
nsp3,Hunan,6,Jiangxi,11,0.49243588466536786
nsp3,Hunan,6,Hubei,7,0.1651720560566897
nsp3,Hunan,6,Zhejiang,3,0.0539679167109317
nsp3,Hunan,6,Guangdong,30,0.6861373467603237
nsp3,Liaoning,4,Yunnan,40,0.4311332900774269
nsp3,Liaoning,4,Jiangxi,11,0.5848432736173337
nsp3,Liaoning,4,Hubei,7,0.15178901090302682
nsp3,Liaoning,4,Zhejiang,3,0.7297761341874134
nsp3,Liaoning,4,Guangdong,30,0.6301719526315439
nsp3,Yunnan,40,Jiangxi,11,0.4247758222051246
nsp3,Yunnan,40,Hubei,7,0.42803037267291155
nsp3,Yunnan,40,Zhejiang,3,0.6055750208901008
nsp3,Yunnan,40,Guangdong,30,0.46930043422556933
nsp3,Jiangxi,11,Hubei,7,0.39425316183583536
nsp3,Jiangxi,11,Zhejiang,3,0.6713789198266098
nsp3,Jiangxi,11,Guangdong,30,0.23256994273651066
nsp3,Hubei,7,Zhejiang,3,0.4922320922320923
nsp3,Hubei,7,Guangdong,30,0.578655823337071
nsp3,Zhejiang,3,Guangdong,30,0.7537550487492901
spike,Guangxi,5,Fujian,4,0.2659330681425113
spike,Guangxi,5,Guizhou,4,0.0929144385026738
spike,Guangxi,5,Hunan,6,0.01600832631213773
spike,Guangxi,5,Liaoning,4,0.5104098893949252
spike,Guangxi,5,Yunnan,40,0.05963254696581284
spike,Guangxi,5,Jiangxi,11,0.2790643987870176
spike,Guangxi,5,Hubei,7,0.06475211937480722
spike,Guangxi,5,Zhejiang,3,0.23990781945327394
spike,Guangxi,5,Guangdong,30,0.594375740997188
spike,Fujian,4,Guizhou,4,0.4969217238346526
spike,Fujian,4,Hunan,6,0.17460709652938933
spike,Fujian,4,Liaoning,4,0.88777497295348
spike,Fujian,4,Yunnan,40,0.11986287523178793
spike,Fujian,4,Jiangxi,11,-0.02291345352776428
spike,Fujian,4,Hubei,7,0.16721108998423612
spike,Fujian,4,Zhejiang,3,0.5072616847108529
spike,Fujian,4,Guangdong,30,0.142291087871069
spike,Guizhou,4,Hunan,6,0.040161898629381014
spike,Guizhou,4,Liaoning,4,0.7525550314465408
spike,Guizhou,4,Yunnan,40,0.08988700599350523
spike,Guizhou,4,Jiangxi,11,0.2623830051627199
spike,Guizhou,4,Hubei,7,0.03909195769965215
spike,Guizhou,4,Zhejiang,3,0.39053493409700046
spike,Guizhou,4,Guangdong,30,0.5851880233042968
spike,Hunan,6,Liaoning,4,0.3639857899947586
spike,Hunan,6,Yunnan,40,0.15366020011054052
spike,Hunan,6,Jiangxi,11,0.29581162794331334
spike,Hunan,6,Hubei,7,0.08032023289665212
spike,Hunan,6,Zhejiang,3,-0.06761353971763917
spike,Hunan,6,Guangdong,30,0.6436193514791334
spike,Liaoning,4,Yunnan,40,0.25281079797478995
spike,Liaoning,4,Jiangxi,11,0.5523574000517774
spike,Liaoning,4,Hubei,7,0.38710357716837196
spike,Liaoning,4,Zhejiang,3,0.747643490433971
spike,Liaoning,4,Guangdong,30,0.74319416009289
spike,Yunnan,40,Jiangxi,11,0.1566755168524321
spike,Yunnan,40,Hubei,7,0.1212247493790715
spike,Yunnan,40,Zhejiang,3,0.1991382806584487
spike,Yunnan,40,Guangdong,30,0.32219710937972845
spike,Jiangxi,11,Hubei,7,0.20295442776675987
spike,Jiangxi,11,Zhejiang,3,0.3965987941389883
spike,Jiangxi,11,Guangdong,30,0.3558748799576985
spike,Hubei,7,Zhejiang,3,0.2670179523313522
spike,Hubei,7,Guangdong,30,0.5776488970694148
spike,Zhejiang,3,Guangdong,30,0.6609047295110296
ORF8a,Guangxi,5,Fujian,4,-0.0011942675159236122
ORF8a,Guangxi,5,Guizhou,4,-0.08278955954323007
ORF8a,Guangxi,5,Hunan,6,0.0734693877551021
ORF8a,Guangxi,5,Yunnan,39,0.2098010906638669
ORF8a,Guangxi,5,Jiangxi,11,-0.026653932974474822
ORF8a,Guangxi,5,Hubei,7,0.15588178481746176
ORF8a,Guangxi,5,Zhejiang,3,0.2567045579958062
ORF8a,Guangxi,5,Guangdong,30,0.3216723549488055
ORF8a,Fujian,4,Guizhou,4,-0.060853769300635734
ORF8a,Fujian,4,Hunan,6,-0.011337868480725639
ORF8a,Fujian,4,Yunnan,39,0.07510743247192529
ORF8a,Fujian,4,Jiangxi,11,-0.08708693178879871
ORF8a,Fujian,4,Hubei,7,-0.02732998208817246
ORF8a,Fujian,4,Zhejiang,3,0.3791574279379158
ORF8a,Fujian,4,Guangdong,30,0.0797937416967524
ORF8a,Guizhou,4,Hunan,6,-0.057863782963384534
ORF8a,Guizhou,4,Yunnan,39,0.05105618063349134
ORF8a,Guizhou,4,Jiangxi,11,-0.05876075005274197
ORF8a,Guizhou,4,Hubei,7,-0.029274783765801775
ORF8a,Guizhou,4,Zhejiang,3,0.3160919540229885
ORF8a,Guizhou,4,Guangdong,30,0.07084047984243684
ORF8a,Hunan,6,Yunnan,39,0.21306384278586693
ORF8a,Hunan,6,Jiangxi,11,0.15197780859916774
ORF8a,Hunan,6,Hubei,7,0.10455104551045502
ORF8a,Hunan,6,Zhejiang,3,-0.13678373382624756
ORF8a,Hunan,6,Guangdong,30,0.3264339589545694
ORF8a,Yunnan,39,Jiangxi,11,0.22862876419897346
ORF8a,Yunnan,39,Hubei,7,0.07240220926582644
ORF8a,Yunnan,39,Zhejiang,3,0.28168906321454956
ORF8a,Yunnan,39,Guangdong,30,0.09135749878089112
ORF8a,Jiangxi,11,Hubei,7,0.04382699925993636
ORF8a,Jiangxi,11,Zhejiang,3,0.29515079018196044
ORF8a,Jiangxi,11,Guangdong,30,0.27533196684787453
ORF8a,Hubei,7,Zhejiang,3,0.39551129607609997
ORF8a,Hubei,7,Guangdong,30,0.08163545198205016
ORF8a,Zhejiang,3,Guangdong,30,0.4660921912356803
